method,time,mse
polyreg,0.941457986831665,0.037591477262007005
rdfr,0.0364375114440918,0.0378595060513842
lnreg,0.0390520095825195,0.0378595060513842
xgboot,0.377002477645874,0.0370750067660983
dnn,42.24112915992737,0.0373803847491418
