method,time,mse
rdfr,0.0375158786773681,0.0580475350520382
xgboot,0.2403688430786132,0.0536573973697211
lnreg,0.0284795761108398,0.0580475350520382
polyreg,1.2190380096435547,0.05783530263170049
dnn,41.97346782684326,0.0663677156336044
