method,time,mse
dnn,75.35653233528137,0.0276480502019774
polyreg,0.8578972816467285,0.026274452055003665
lnreg,0.0419812202453613,0.0278963141924935
rdfr,0.0272166728973388,0.0278963141924935
xgboot,0.3230397701263428,0.0265635650200329
