method,time,mse
polyreg,0.7874436378479004,0.027418616403253434
lnreg,0.0313696861267089,0.0284082290691697
rdfr,0.0300824642181396,0.0284082290691697
xgboot,0.298879861831665,0.0276849415199958
dnn,83.12758231163025,0.0291213617922702
